document,file,proof_layer_id,control,nist_800_53_r5,risk,covered,n_keywords_matched,n_keywords_total,matched_keywords,hits_near_negation,snippet_1,snippet_2
MD Risk Mgmt Policy,MD_DOIT_CyberRiskMgmt_Policy.pdf,PL-01,Access Control Policy & Procedures,AC-1,HIGH,1,1,4,access policy,0,s that affect a system’s cybersecurity and configuration management. assessments shall include review of network segmentation and access policy enforcement to align to zta and reduce the potential entry points for attackers. 200.3.4 software security assessments: identify ,
MD Risk Mgmt Policy,MD_DOIT_CyberRiskMgmt_Policy.pdf,PL-02,Account Management,AC-2,HIGH,0,0,7,,0,,
MD Risk Mgmt Policy,MD_DOIT_CyberRiskMgmt_Policy.pdf,PL-03,Least Privilege / Role-Based Access,AC-6,HIGH,1,1,7,roles,1,"ce on exception requests and waivers related to this policy. stakeholder department of it (doit) - the department responsible for roles: developing, maintaining, revising, and enforcing information technology policies, procedures, and standards. state chief informa",
MD Risk Mgmt Policy,MD_DOIT_CyberRiskMgmt_Policy.pdf,PL-04,Multi-Factor Authentication (MFA),IA-2,HIGH,1,1,7,authentication,0," or flaw remediation. implementation of security controls shall enforce zta principles through strict access controls, continuous authentication, and least privilege principles. 200.2.5 assess: evaluate applied security controls prior to placing a system into production to ",
MD Risk Mgmt Policy,MD_DOIT_CyberRiskMgmt_Policy.pdf,PL-05,Remote Access Controls,AC-17,MEDIUM,0,0,6,,0,,
MD Risk Mgmt Policy,MD_DOIT_CyberRiskMgmt_Policy.pdf,PL-06,Configuration Management Policy,CM-1,HIGH,1,1,5,configuration management,0,architecture assessments: assess network and architecture designs to identify weaknesses that affect a system’s cybersecurity and configuration management. assessments shall include review of network segmentation and access policy enforcement to align to zta and reduce the potential ,
MD Risk Mgmt Policy,MD_DOIT_CyberRiskMgmt_Policy.pdf,PL-07,Change Management / Change Control,CM-3,MEDIUM,1,2,5,cab; change management,0,"7 process & procedural assessments: review it and security processes and procedures for weaknesses that could be exploited (e.g., change management). 200.3.8 vulnerability disclosure program: all maryland-affiliated properties, systems, and digital assets are subject to the st"," provider. authorization: this policy is authorized by state finance & procurement article (sf&p) § 3.5-303 and § 3.5-2a-04. applicability: this policy applies to all ""units of state government"" (as that term is defined in sf&p 3.5-101(g)), hereafter referred to "
MD Risk Mgmt Policy,MD_DOIT_CyberRiskMgmt_Policy.pdf,PL-08,Audit Logging & Monitoring,AU-2,HIGH,1,1,7,monitoring,0,"s the requirements for managing information security risk to the state by assessing risk, responding to risk once determined, and monitoring risk over time. scope: this policy provides an organizational approach for risk management that addresses all information technol",
MD Risk Mgmt Policy,MD_DOIT_CyberRiskMgmt_Policy.pdf,PL-09,Audit Review & Alerting,AU-6,HIGH,0,0,6,,0,,
MD Risk Mgmt Policy,MD_DOIT_CyberRiskMgmt_Policy.pdf,PL-10,Incident Response Plan,IR-1,HIGH,0,0,6,,0,,
MD Risk Mgmt Policy,MD_DOIT_CyberRiskMgmt_Policy.pdf,PL-11,Incident Reporting,IR-6,HIGH,0,0,5,,0,,
MD Risk Mgmt Policy,MD_DOIT_CyberRiskMgmt_Policy.pdf,PL-12,Risk Assessment,RA-3,HIGH,1,2,6,risk assessment; vulnerability assessment,0,00.2 enterprise risk management strategy ................................................................................ 5 200.3 risk assessments .......................................................................................................................... 6 200,"rocessing state data, agencies shall perform each of the following assessments for systems within their purview: 200.3.1 security vulnerability assessments: deploy vulnerability management practices and technologies to identify vulnerabilities across all facilities, assets, networks,"
MD Risk Mgmt Policy,MD_DOIT_CyberRiskMgmt_Policy.pdf,PL-13,Vulnerability Scanning,RA-5,HIGH,1,1,6,vulnerability management,0,"ll perform each of the following assessments for systems within their purview: 200.3.1 security vulnerability assessments: deploy vulnerability management practices and technologies to identify vulnerabilities across all facilities, assets, networks, and software. 200.3.2 privacy imp",
MD Risk Mgmt Policy,MD_DOIT_CyberRiskMgmt_Policy.pdf,PL-14,Data Encryption in Transit,SC-8,HIGH,0,0,6,,0,,
MD Risk Mgmt Policy,MD_DOIT_CyberRiskMgmt_Policy.pdf,PL-15,Data Encryption at Rest,SC-28,HIGH,0,0,6,,0,,
MD Risk Mgmt Policy,MD_DOIT_CyberRiskMgmt_Policy.pdf,PL-16,Network Segmentation,SC-7,MEDIUM,1,2,7,network segmentation; zero trust,0,gns to identify weaknesses that affect a system’s cybersecurity and configuration management. assessments shall include review of network segmentation and access policy enforcement to align to zta and reduce the potential entry points for attackers. 200.3.4 software security asse,updated: 02/18/2026 200 policy the following sections detail the state’s cybersecurity risk management policy which aligns to the zero trust architecture (zta) principles by shifting the security paradigm from implicit trust to continuous verification. 200.1 risk appeti
MD Risk Mgmt Policy,MD_DOIT_CyberRiskMgmt_Policy.pdf,PL-17,Security Awareness Training,AT-2,MEDIUM,0,0,5,,0,,
MD Risk Mgmt Policy,MD_DOIT_CyberRiskMgmt_Policy.pdf,PL-18,Personnel Screening / Background Checks,PS-3,MEDIUM,0,0,5,,0,,
MD Risk Mgmt Policy,MD_DOIT_CyberRiskMgmt_Policy.pdf,PL-19,Backup & Recovery,CP-9,HIGH,1,1,7,rpo,0,"ona 02/18/2026 i state of maryland cybersecurity risk management policy md-pol-201-01 last updated: 02/18/2026 100 introduction purpose: this policy establishes the requirements for managing information security risk to the state by assessing risk, responding to ",
MD Risk Mgmt Policy,MD_DOIT_CyberRiskMgmt_Policy.pdf,PL-20,Contingency / Disaster Recovery Plan,CP-2,HIGH,0,0,5,,0,,
MD Risk Mgmt Policy,MD_DOIT_CyberRiskMgmt_Policy.pdf,PL-21,Third-Party / Vendor Risk Management,SR-1,MEDIUM,1,2,6,supply chain; third party,1," security impact, available alternatives). 200.4.2 supplier risk management: apply each activity outlined in section 200.2 to the supply chain so that external vendors or third-party suppliers are not blindly trusted. 7 state of maryland cybersecurity risk management poli",......................................................................................................................... 6 200.4 third party risk management ................................................................................................. 7 300 approval 
MD Risk Mgmt Policy,MD_DOIT_CyberRiskMgmt_Policy.pdf,PL-22,Media Sanitization,MP-6,MEDIUM,0,0,5,,0,,
MD System & Network Security Policy,MD_DOIT_SystemNetworkSecurity_Policy.pdf,PL-01,Access Control Policy & Procedures,AC-1,HIGH,0,0,4,,0,,
MD System & Network Security Policy,MD_DOIT_SystemNetworkSecurity_Policy.pdf,PL-02,Account Management,AC-2,HIGH,0,0,7,,0,,
MD System & Network Security Policy,MD_DOIT_SystemNetworkSecurity_Policy.pdf,PL-03,Least Privilege / Role-Based Access,AC-6,HIGH,1,1,7,roles,1,"ce on exception requests and waivers related to this policy. stakeholder department of it (doit) - the department responsible for roles: developing, maintaining, revising, and enforcing information technology policies, procedures, and standards. state chief informa",
MD System & Network Security Policy,MD_DOIT_SystemNetworkSecurity_Policy.pdf,PL-04,Multi-Factor Authentication (MFA),IA-2,HIGH,0,0,7,,0,,
MD System & Network Security Policy,MD_DOIT_SystemNetworkSecurity_Policy.pdf,PL-05,Remote Access Controls,AC-17,MEDIUM,0,0,6,,0,,
MD System & Network Security Policy,MD_DOIT_SystemNetworkSecurity_Policy.pdf,PL-06,Configuration Management Policy,CM-1,HIGH,1,1,5,configuration management,0, network security activities required to implement principles of a zero trust architecture (zta). 200.1 platform security 200.1.1 configuration management: all configurable it assets shall be deployed and maintained in alignment with an established security configuration baseline com,
MD System & Network Security Policy,MD_DOIT_SystemNetworkSecurity_Policy.pdf,PL-07,Change Management / Change Control,CM-3,MEDIUM,1,1,5,cab,0," provider. authorization: this policy is authorized by state finance & procurement article (sf&p) § 3.5-303 and § 3.5-2a-04. applicability: this policy applies to all ""units of state government"" (as that term is defined in sf&p 3.5-101(g)), hereafter referred to ",
MD System & Network Security Policy,MD_DOIT_SystemNetworkSecurity_Policy.pdf,PL-08,Audit Logging & Monitoring,AU-2,HIGH,1,1,7,audit log,1,"dware no longer supports software security capabilities (i.e., end-of-life); • secure disposal; and • media sanitization. 200.1.4 audit logs: all operating systems, applications, and services including subscription‑based services must be configured to generate appropri",
MD System & Network Security Policy,MD_DOIT_SystemNetworkSecurity_Policy.pdf,PL-09,Audit Review & Alerting,AU-6,HIGH,0,0,6,,0,,
MD System & Network Security Policy,MD_DOIT_SystemNetworkSecurity_Policy.pdf,PL-10,Incident Response Plan,IR-1,HIGH,0,0,6,,0,,
MD System & Network Security Policy,MD_DOIT_SystemNetworkSecurity_Policy.pdf,PL-11,Incident Reporting,IR-6,HIGH,0,0,5,,0,,
MD System & Network Security Policy,MD_DOIT_SystemNetworkSecurity_Policy.pdf,PL-12,Risk Assessment,RA-3,HIGH,0,0,6,,0,,
MD System & Network Security Policy,MD_DOIT_SystemNetworkSecurity_Policy.pdf,PL-13,Vulnerability Scanning,RA-5,HIGH,1,1,6,vulnerability management,0,. 200.1.2 software security: all it software shall be managed and protected from vulnerabilities in alignment with an established vulnerability management plan that includes at a minimum: • software patching: apply security updates according to established timelines; • lifecycle mana,
MD System & Network Security Policy,MD_DOIT_SystemNetworkSecurity_Policy.pdf,PL-14,Data Encryption in Transit,SC-8,HIGH,0,0,6,,0,,
MD System & Network Security Policy,MD_DOIT_SystemNetworkSecurity_Policy.pdf,PL-15,Data Encryption at Rest,SC-28,HIGH,0,0,6,,0,,
MD System & Network Security Policy,MD_DOIT_SystemNetworkSecurity_Policy.pdf,PL-16,Network Segmentation,SC-7,MEDIUM,1,1,7,zero trust,0,0 policy the following sections promote foundational system and network security activities required to implement principles of a zero trust architecture (zta). 200.1 platform security 200.1.1 configuration management: all configurable it assets shall be deployed and ma,
MD System & Network Security Policy,MD_DOIT_SystemNetworkSecurity_Policy.pdf,PL-17,Security Awareness Training,AT-2,MEDIUM,0,0,5,,0,,
MD System & Network Security Policy,MD_DOIT_SystemNetworkSecurity_Policy.pdf,PL-18,Personnel Screening / Background Checks,PS-3,MEDIUM,0,0,5,,0,,
MD System & Network Security Policy,MD_DOIT_SystemNetworkSecurity_Policy.pdf,PL-19,Backup & Recovery,CP-9,HIGH,1,1,7,rpo,0,"ion miheer khona 02/18/2026 i state of maryland system & network policy md-pol-207-01 last updated: 02/18/2026 100 introduction purpose: this policy establishes the requirements for managing the hardware, software, and services of physical and virtual platforms t",
MD System & Network Security Policy,MD_DOIT_SystemNetworkSecurity_Policy.pdf,PL-20,Contingency / Disaster Recovery Plan,CP-2,HIGH,0,0,5,,0,,
MD System & Network Security Policy,MD_DOIT_SystemNetworkSecurity_Policy.pdf,PL-21,Third-Party / Vendor Risk Management,SR-1,MEDIUM,0,0,6,,0,,
MD System & Network Security Policy,MD_DOIT_SystemNetworkSecurity_Policy.pdf,PL-22,Media Sanitization,MP-6,MEDIUM,1,2,5,media sanitization; secure disposal,2,"wing: • replacement when hardware no longer supports software security capabilities (i.e., end-of-life); • secure disposal; and • media sanitization. 200.1.4 audit logs: all operating systems, applications, and services including subscription‑based services must be configured t","cordance with the following: • replacement when hardware no longer supports software security capabilities (i.e., end-of-life); • secure disposal; and • media sanitization. 200.1.4 audit logs: all operating systems, applications, and services including subscription‑based ser"
MD Continuous Monitoring Policy,MD_DOIT_ContinuousMonitoring_Policy.pdf,PL-01,Access Control Policy & Procedures,AC-1,HIGH,0,0,4,,0,,
MD Continuous Monitoring Policy,MD_DOIT_ContinuousMonitoring_Policy.pdf,PL-02,Account Management,AC-2,HIGH,0,0,7,,0,,
MD Continuous Monitoring Policy,MD_DOIT_ContinuousMonitoring_Policy.pdf,PL-03,Least Privilege / Role-Based Access,AC-6,HIGH,1,2,7,least privilege; roles,1,"ategies shall be designed with the following zta goals: • real-time threat detection; • identity verification & authentication; • least privilege enforcement; • micro-segmentation analytics; and • automated response mechanisms. all operating systems, applications, and servic","nce on exception requests and waivers related to this policy. stakeholder department of it (doit)- the department responsible for roles: developing, maintaining, revising, and enforcing information technology policies, procedures, and standards. state chief informa"
MD Continuous Monitoring Policy,MD_DOIT_ContinuousMonitoring_Policy.pdf,PL-04,Multi-Factor Authentication (MFA),IA-2,HIGH,1,1,7,authentication,0,"all monitoring strategies shall be designed with the following zta goals: • real-time threat detection; • identity verification & authentication; • least privilege enforcement; • micro-segmentation analytics; and • automated response mechanisms. all operating systems, appli",
MD Continuous Monitoring Policy,MD_DOIT_ContinuousMonitoring_Policy.pdf,PL-05,Remote Access Controls,AC-17,MEDIUM,1,1,6,remote access,0,"ing 200.4.1 external service providers: external service providers shall be monitored to detect potentially adverse events (e.g., remote access monitoring, service providers anomalies). table 4 raci matrix – external service providers secretaries/ it doit sciso isos direct",
MD Continuous Monitoring Policy,MD_DOIT_ContinuousMonitoring_Policy.pdf,PL-06,Configuration Management Policy,CM-1,HIGH,0,0,5,,0,,
MD Continuous Monitoring Policy,MD_DOIT_ContinuousMonitoring_Policy.pdf,PL-07,Change Management / Change Control,CM-3,MEDIUM,1,1,5,cab,0,"rovider. authorization: this policy is authorized by state finance & procurement article (""sf&p"") § 3.5-303 and § 3.5-2a-04. applicability: this policy applies to all ""units of state government"" (as that term is defined in sf&p 3.5-101(g)), hereafter referred to ",
MD Continuous Monitoring Policy,MD_DOIT_ContinuousMonitoring_Policy.pdf,PL-08,Audit Logging & Monitoring,AU-2,HIGH,1,2,7,logging; monitoring,0,"shall be continuously monitored to identify anomalous or otherwise adverse user behavior and network activity, with comprehensive logging, automated alerting, and full integration into incident detection and response processes. 200.1.3 system monitoring: all state sy","department of information technology office of security management information security continuous monitoring policy distribution statement: this document is approved for public distribution and may be shared with external stakeholders, pa"
MD Continuous Monitoring Policy,MD_DOIT_ContinuousMonitoring_Policy.pdf,PL-09,Audit Review & Alerting,AU-6,HIGH,1,3,6,alert; log review; threat detection,0,"ems. this monitoring relies on existing tools such as user‑behavior analytics, log monitoring, detection technologies, and manual log reviews. these activities do not include employee surveillance, productivity tracking, recording of screens, or keystrokes, or audio/vid","ly monitored to identify anomalous or otherwise adverse user behavior and network activity, with comprehensive logging, automated alerting, and full integration into incident detection and response processes. 200.1.3 system monitoring: all state systems shall be co"
MD Continuous Monitoring Policy,MD_DOIT_ContinuousMonitoring_Policy.pdf,PL-10,Incident Response Plan,IR-1,HIGH,1,1,6,incident response,0,med characteristics of activity in order to determine whether an incident should be declared in accordance with the md-std-308-ir incident response standard. table 5 raci matrix – event analysis secretaries/ it doit sciso isos directors managers adverse events c i a r c incide,
MD Continuous Monitoring Policy,MD_DOIT_ContinuousMonitoring_Policy.pdf,PL-11,Incident Reporting,IR-6,HIGH,0,0,5,,0,,
MD Continuous Monitoring Policy,MD_DOIT_ContinuousMonitoring_Policy.pdf,PL-12,Risk Assessment,RA-3,HIGH,0,0,6,,0,,
MD Continuous Monitoring Policy,MD_DOIT_ContinuousMonitoring_Policy.pdf,PL-13,Vulnerability Scanning,RA-5,HIGH,0,0,6,,0,,
MD Continuous Monitoring Policy,MD_DOIT_ContinuousMonitoring_Policy.pdf,PL-14,Data Encryption in Transit,SC-8,HIGH,0,0,6,,0,,
MD Continuous Monitoring Policy,MD_DOIT_ContinuousMonitoring_Policy.pdf,PL-15,Data Encryption at Rest,SC-28,HIGH,0,0,6,,0,,
MD Continuous Monitoring Policy,MD_DOIT_ContinuousMonitoring_Policy.pdf,PL-16,Network Segmentation,SC-7,MEDIUM,1,1,7,zero trust,0," conflicting requirement that precludes compliance. 200 policy the following sections detail the monitoring required to implement zero trust architecture (zta) principles that provide real-time visibility, detection of anomalies, and enforcement of dynamic security poli",
MD Continuous Monitoring Policy,MD_DOIT_ContinuousMonitoring_Policy.pdf,PL-17,Security Awareness Training,AT-2,MEDIUM,0,0,5,,0,,
MD Continuous Monitoring Policy,MD_DOIT_ContinuousMonitoring_Policy.pdf,PL-18,Personnel Screening / Background Checks,PS-3,MEDIUM,0,0,5,,0,,
MD Continuous Monitoring Policy,MD_DOIT_ContinuousMonitoring_Policy.pdf,PL-19,Backup & Recovery,CP-9,HIGH,1,1,7,rpo,0,"iheer khona 02/18/2026 i state of maryland continuous monitoring policy md-pol-208-01 last updated: 02/18/2026 100 introduction purpose: this policy establishes the requirements for maintaining ongoing awareness of information security risks, vulnerabilities, and",
MD Continuous Monitoring Policy,MD_DOIT_ContinuousMonitoring_Policy.pdf,PL-20,Contingency / Disaster Recovery Plan,CP-2,HIGH,0,0,5,,0,,
MD Continuous Monitoring Policy,MD_DOIT_ContinuousMonitoring_Policy.pdf,PL-21,Third-Party / Vendor Risk Management,SR-1,MEDIUM,0,0,6,,0,,
MD Continuous Monitoring Policy,MD_DOIT_ContinuousMonitoring_Policy.pdf,PL-22,Media Sanitization,MP-6,MEDIUM,0,0,5,,0,,
MD Cybersecurity Council Report 2025,MD_CybersecurityCouncil_Report_2025.pdf,PL-01,Access Control Policy & Procedures,AC-1,HIGH,0,0,4,,0,,
MD Cybersecurity Council Report 2025,MD_CybersecurityCouncil_Report_2025.pdf,PL-02,Account Management,AC-2,HIGH,0,0,7,,0,,
MD Cybersecurity Council Report 2025,MD_CybersecurityCouncil_Report_2025.pdf,PL-03,Least Privilege / Role-Based Access,AC-6,HIGH,1,1,7,roles,0," public policy making by inviting the council to participate in its 2024 cybersecurity rulemaking proceeding. in exercising these roles. the council has made policy recommendations, responded to requests for assistance in drafting bills and regulations, participate",
MD Cybersecurity Council Report 2025,MD_CybersecurityCouncil_Report_2025.pdf,PL-04,Multi-Factor Authentication (MFA),IA-2,HIGH,1,2,7,authentication; cac,0,"-day”, when a true quantum machine is built and operating, is expected before 2035.4 9 the risks are steep. current practices for authentication and confidentiality will not withstand quantum machines. passwords and encryption that classical computers need hundreds of years","entatives from the governor’s cabinet, the state board of elections, the general assembly, critical infrastructure, academia, advocacy groups, and the cybersecurity industry, among other sectors. • the council functions as a convener of expertise to inform its re"
MD Cybersecurity Council Report 2025,MD_CybersecurityCouncil_Report_2025.pdf,PL-05,Remote Access Controls,AC-17,MEDIUM,0,0,6,,0,,
MD Cybersecurity Council Report 2025,MD_CybersecurityCouncil_Report_2025.pdf,PL-06,Configuration Management Policy,CM-1,HIGH,0,0,5,,0,,
MD Cybersecurity Council Report 2025,MD_CybersecurityCouncil_Report_2025.pdf,PL-07,Change Management / Change Control,CM-3,MEDIUM,1,1,5,cab,0,"ents. the council is based on the “whole of community” approach to cybersecurity. it includes representatives from the governor’s cabinet, the state board of elections, the general assembly, critical infrastructure, academia, advocacy groups, and the cybersecurit",
MD Cybersecurity Council Report 2025,MD_CybersecurityCouncil_Report_2025.pdf,PL-08,Audit Logging & Monitoring,AU-2,HIGH,1,1,7,monitoring,0,"aryland, baltimore. subcommittee on cyber operations and incident response subcommittee objectives • recommend best practices for monitoring and assessing cyber threats and responding to cyber-attacks or other security breaches • create or enhance shared awareness of cy",
MD Cybersecurity Council Report 2025,MD_CybersecurityCouncil_Report_2025.pdf,PL-09,Audit Review & Alerting,AU-6,HIGH,0,0,6,,0,,
MD Cybersecurity Council Report 2025,MD_CybersecurityCouncil_Report_2025.pdf,PL-10,Incident Response Plan,IR-1,HIGH,1,2,6,incident response; security incident,0,"enter and the multi-state information and analysis center. 61 the latter program has provided cyber threat intelligence and cyber incident response services to more than 100 public entities in maryland and more than 15,000 nationwide. 62 pacing these changes are the planned wo",z41zdk1svylglem_nj5a6t88vgfpp.pdf 10 ` providers protect the list of operators on its website (recommendation 14) and report cybersecurity incidents (recommendation 7). the act provides that community water providers must identify a primary cybersecurity point of contact for m
MD Cybersecurity Council Report 2025,MD_CybersecurityCouncil_Report_2025.pdf,PL-11,Incident Reporting,IR-6,HIGH,1,2,5,breach notification; incident reporting,0,mde with some of its responsibilities. doit must define the minimum cybersecurity standards and the guidelines and procedures for incident reporting and permit these providers to join the state information sharing and analysis center (recommendation 47). the office of security ,"yland resident must be reported by the affected entity to the attorney general’s office. before 2020, that office received 50-100 breach notifications per month. since 2020, that number has accelerated to 120 -180 per month. in 2022 alone, the number of residents impacted by the"
MD Cybersecurity Council Report 2025,MD_CybersecurityCouncil_Report_2025.pdf,PL-12,Risk Assessment,RA-3,HIGH,1,1,6,risk assessment,0," not covered by federal law or executive order 13636 of the president of the united states, identify best practices in conducting risk assessments to determine which local infrastructure sectors are at the greatest risk of cyber-attacks and need the most enhanced cybersecuri",
MD Cybersecurity Council Report 2025,MD_CybersecurityCouncil_Report_2025.pdf,PL-13,Vulnerability Scanning,RA-5,HIGH,1,1,6,cve,0,"ps://www.technologyreview.com/2025/04/04/1114228/cyberattacks-by-ai-agents-are-coming/ . see also zu, y, et al. (2025, april 10). cve-bench: a benchmark for ai agents’ ability to exploit real-world web application vulnerabilities. arxiv:2503.17332 [cs.cr]. https:",
MD Cybersecurity Council Report 2025,MD_CybersecurityCouncil_Report_2025.pdf,PL-14,Data Encryption in Transit,SC-8,HIGH,1,1,6,https,1,"ort was developed by dr. greg von lehmen, university of maryland global campus, as staff to the maryland cybersecurity council. 2 https://www.umgc.edu/mdcybersecuritycouncil 2 ` executive summary as we move forward, we must also recognize that cybersecurity is not ",
MD Cybersecurity Council Report 2025,MD_CybersecurityCouncil_Report_2025.pdf,PL-15,Data Encryption at Rest,SC-28,HIGH,0,0,6,,0,,
MD Cybersecurity Council Report 2025,MD_CybersecurityCouncil_Report_2025.pdf,PL-16,Network Segmentation,SC-7,MEDIUM,1,2,7,vlan; zero trust,0,"tor for cyber workforce, education, and economic advancement (‘growing maryland’s cybersecurity workforce’) • the honorable ben hovland, commissioner and chair of the federal election assistance commission (‘federal-state partnership: preparing for the 2024 electi","uestions raised in the working group meetings about federal preemption of state regulation, cybersecurity incident reporting, and zero trust implementation. the submission by council members and staff benefitted from information shared by the federal electric reliabilit"
MD Cybersecurity Council Report 2025,MD_CybersecurityCouncil_Report_2025.pdf,PL-17,Security Awareness Training,AT-2,MEDIUM,1,3,5,security awareness; security education; security training,0,areness as part of operator and superintendent certification (recommendation 2) and for doit to establish a list of approved cybersecurity training programs from which community water service providers can select (recommendation 42). mde must also mandate that community water ,omulgate cybersecurity standards for community water service providers (report recommendation 3). it requires mde to include cybersecurity awareness as part of operator and superintendent certification (recommendation 2) and for doit to establish a list of approved cybersecurit
MD Cybersecurity Council Report 2025,MD_CybersecurityCouncil_Report_2025.pdf,PL-18,Personnel Screening / Background Checks,PS-3,MEDIUM,0,0,5,,0,,
MD Cybersecurity Council Report 2025,MD_CybersecurityCouncil_Report_2025.pdf,PL-19,Backup & Recovery,CP-9,HIGH,1,3,7,recovery; rpo; rto,0, best practices for developing a comprehensive state strategic plan to ensure a coordinated and quickly adaptable response to and recovery from cyber- attacks and incidents • serve as a resource for its expertise to all other subcommittees subcommittee members • chair," government. it requires a whole-of-society approach, with every individual, organization, and sector playing their part. 3 the purpose of the maryland cybersecurity council is to assess the breadth and depth of cybersecurity risk to the state, to make appropriat"
MD Cybersecurity Council Report 2025,MD_CybersecurityCouncil_Report_2025.pdf,PL-20,Contingency / Disaster Recovery Plan,CP-2,HIGH,1,1,5,contingency plan,0, service providers must conduct a maturity assessment against the cybersecurity standards (recommendation 4). they must also have contingency plans to manage cyber disruptions (recommendation 27). the act requires doit and the maryland department of emergency management (mdem,
MD Cybersecurity Council Report 2025,MD_CybersecurityCouncil_Report_2025.pdf,PL-21,Third-Party / Vendor Risk Management,SR-1,MEDIUM,1,1,6,supply chain,0,"ts,5 school districts,6 and private critical infrastructure.7 some of these were direct attacks on maryland entities. others were supply chain attacks that resulted from the exploitation of vendor services or interconnected systems among regional or national organizations",
MD Cybersecurity Council Report 2025,MD_CybersecurityCouncil_Report_2025.pdf,PL-22,Media Sanitization,MP-6,MEDIUM,0,0,5,,0,,
MD IT Security Manual,MD_IT_SecurityManual.pdf,PL-01,Access Control Policy & Procedures,AC-1,HIGH,1,2,4,access control policy; access procedures,0,to operate in a production environment. state of maryland information technology security manual version 1.2 116 security control access control policy and procedures security baselines id ac-1 low moderate high maryland agencies must develop and implement an access control (ac) p,olicies and/or regulations governing how individuals may request access to records maintained in the system of records c. publish access procedures d. adhere to privacy act requirements and state policies and guidance for the proper processing of privacy act request redress ip
MD IT Security Manual,MD_IT_SecurityManual.pdf,PL-02,Account Management,AC-2,HIGH,1,3,7,account management; provisioning; user accounts,0,d the procedures reviewed and updated at least annually. state of maryland information technology security manual version 1.2 117 account management ac-2 low moderate high all maryland information systems must manage information system accounts by: 1. identifying account types ,". software installation policies are enforced through automated methods, implementation of least privilege and periodic review of user accounts. only authorized users are given necessary privileges to install software. c. policy compliance is monitored on a semi-annual bas"
MD IT Security Manual,MD_IT_SecurityManual.pdf,PL-03,Least Privilege / Role-Based Access,AC-6,HIGH,1,4,7,least privilege; permissions; rbac; roles,0,"egulations, standards, and operational requirements. the handling of information by individuals is to align with the principle of least privilege, where users only have the access required to perform the minimum set of actions, based on business requirements and processes. s",ryland information technology security manual version 1.2 208 ps personnel security ra risk assessment rar risk assessment report rbac role based access control rob rules of behavior rpc remote procedure call sa system and services acquisition sap security authori
MD IT Security Manual,MD_IT_SecurityManual.pdf,PL-04,Multi-Factor Authentication (MFA),IA-2,HIGH,1,4,7,authentication; cac; multi-factor; piv,0,thod are established and documented. b. remote access to information systems is authorized prior to allowing such connections. c. multi-factor authentication mechanisms are employed for all remote access to the network. d. when administrative actions are performed from ex,"d in the hardware, software and firmware components of the system. technical security control families include identification and authentication, access control, audit and accountability, and system and communications protection. state of maryland information technology sec"
MD IT Security Manual,MD_IT_SecurityManual.pdf,PL-05,Remote Access Controls,AC-17,MEDIUM,1,3,6,remote access; ssh; vpn,0,that can be performed when using privileged accounts should be limited including privileged functions that can be performed using remote access; duration that privileged users can be logged in should be limited; and privileged user activities must be logged and logs need t,"all remote access to the network. d. when administrative actions are performed from external connections, the use of an encrypted vpn connection is required. remote access| automated monitoring/control ac-17.1 automated mechanisms must be employed to facilitate t"
MD IT Security Manual,MD_IT_SecurityManual.pdf,PL-06,Configuration Management Policy,CM-1,HIGH,1,5,5,baseline configuration; configuration management; hardening; secure configuration; system configuration,0,security manual version 1.2 2 planning 35 service interface agreements 40 operational level controls 42 awareness and training 42 configuration management 44 contingency planning 60 incident response 72 maintenance 80 media protection 87 physical and personnel security 93 system and ,"management process to ensure changes to the systems are controlled by: ● developing, documenting, and maintaining current secured baseline configurations. ● network devices should be patched and updated for all security related updates/patches using automated tools when possible. ●"
MD IT Security Manual,MD_IT_SecurityManual.pdf,PL-07,Change Management / Change Control,CM-3,MEDIUM,1,3,5,cab; change control; change management,1,"atabases and network devices). all default system administrator passwords must be changed. agencies must implement an appropriate change management process to ensure changes to the systems are controlled by: ● developing, documenting, and maintaining current secured baseline c",land agency’s incident response team (irt). state of maryland information technology security manual version 1.2 49 configuration change control cm-3 n/a moderate high the maryland agency must ensure that: a. the types of changes to information systems that are configuratio
MD IT Security Manual,MD_IT_SecurityManual.pdf,PL-08,Audit Logging & Monitoring,AU-2,HIGH,1,5,7,audit log; event log; log management; logging; monitoring,3,before granting access to the facility. b. for environments containing systems categorized as medium and above: ○ physical access audit logs for all physical access points including designated entry and exit facility points and interior access points where the informat,ed from user connectivity. d. physical or logical separation between guest/public networks and employee/secure networks. e. event logging to a centralized log management server. wireless access| authentication and encryption ac-18.1 n/a moderate high the organization
MD IT Security Manual,MD_IT_SecurityManual.pdf,PL-09,Audit Review & Alerting,AU-6,HIGH,1,2,6,alert; audit review,0,"n the future these requirements will be further defined. state of maryland information technology security manual version 1.2 140 audit review, analysis and reporting au-6 low moderate high the maryland agency must ensure that: a. audit records for information systems are",ds contained in this manual state of maryland information technology security manual version 1.2 13 ● takes appropriate action to alert appropriate personnel of suspected intrusions to the agency mis ● analyze and document information security incidents and securit
MD IT Security Manual,MD_IT_SecurityManual.pdf,PL-10,Incident Response Plan,IR-1,HIGH,1,3,6,incident handling; incident response; security incident,0,mployees and contractors 10 authorizing official (ao) 10 agency chief information security officer (ciso) 11 system owner (so) 12 incident response team (irt) 13 asset management 14 inventory of assets 14 information classification policy 15 personally identifiable information,"es appropriate action to alert appropriate personnel of suspected intrusions to the agency mis ● analyze and document information security incidents and security events ● perform investigations of potentially malicious or suspicious activity ● if the mis stores, processes or t"
MD IT Security Manual,MD_IT_SecurityManual.pdf,PL-11,Incident Reporting,IR-6,HIGH,1,2,5,incident reporting; us-cert,0,ract requirements 197 production-hosted contract requirements 199 appendix a: security authorization checklist 200 appendix b: it incident reporting form 201 appendix c: acronyms and abbreviations 204 appendix d: glossary 210 appendix e: wireless security 214 appendix f: sample,"is applies only if the mis stores, processes and/or transmits fti data) ● receive and monitor security alerts and advisories from us-cert and take appropriate action in response to alerts and advisories ● report security incident information to senior agency official"
MD IT Security Manual,MD_IT_SecurityManual.pdf,PL-12,Risk Assessment,RA-3,HIGH,1,1,6,risk assessment,0,ualization technologies 186 cloud computing technologies 187 mobile devices 188 data loss prevention guidance 190 enforcement 191 risk assessment policy 191 purpose 192 conditions 192 state of maryland information technology security manual version 1.2 3 vendor required secu,
MD IT Security Manual,MD_IT_SecurityManual.pdf,PL-13,Vulnerability Scanning,RA-5,HIGH,1,4,6,patch management; penetration test; vulnerability management; vulnerability scan,1,ith the terms and conditions established by the ao. this limited authorization will be granted when all of the following apply: o vulnerability scans have been performed on the system and there are no major or high-risk vulnerabilities discovered. if necessary corrective action,"d reported. b. vulnerability scanning tools are employed that promote interoperability among tools and that automate parts of the vulnerability management process by using standards for: c. ensuring platforms, software flaws, and improper configurations. d. formatting, checklists and"
MD IT Security Manual,MD_IT_SecurityManual.pdf,PL-14,Data Encryption in Transit,SC-8,HIGH,1,3,6,https; ssl; tls,0,"a in transit. b. connectivity to wireless networks must be secured with protocols that support mutual-authentication, such as eap-tls. c. management connectivity to the wireless infrastructure should be segregated from user connectivity. d. physical or logical se",st establish a privacy program low moderate high consistent with nist special publication 800-53 (current revision) requirements. https://csrc.nist.gov/publications/detail/sp/800-53/rev- 4/final the maryland agency privacy policy must be reviewed and updated at lea
MD IT Security Manual,MD_IT_SecurityManual.pdf,PL-15,Data Encryption at Rest,SC-28,HIGH,1,2,6,aes; data at rest,0,"ent wireless connectivity using security algorithms, encryption, and features that are considered generally secure, including: a. aes encryption to secure wireless data in transit. b. connectivity to wireless networks must be secured with protocols that support m","mprehensive approach covering people, processes, and systems that identify, monitor, and protect data in use, data in motion, and data at rest, through deep content inspection and with a centralized management framework. dlp solutions go beyond securing the network to sec"
MD IT Security Manual,MD_IT_SecurityManual.pdf,PL-16,Network Segmentation,SC-7,MEDIUM,1,2,7,dmz; firewall,0,"ce agreements and the system contingency plan or operational support plan. security-critical components may include, for example, firewalls, guards, gateways, intrusion detection systems, audit repositories, authentication servers, and intrusion prevention systems. st"," time for unusual or unauthorized activities or conditions at the external boundary of the network and at the demilitarized zone (dmz) to discover anomalies such as large file transfers, long-time persistent connections, unusual or not explicitly allowed protocol"
MD IT Security Manual,MD_IT_SecurityManual.pdf,PL-17,Security Awareness Training,AT-2,MEDIUM,1,2,5,security awareness; security training,0,"process encompasses the following components: ● documentation of security and privacy controls in an ssp ● system authorization ● security training, awareness, and education when an ao authorizes system operation, they are accepting the associated risk of information loss, sys", assist oversight groups in compliance reviews and other reporting requirements ● establish an overall strategy for the agency it security awareness and training program ● ensure the program is sufficiently staffed and funded to achieve its approved objectives in a timely manne
MD IT Security Manual,MD_IT_SecurityManual.pdf,PL-18,Personnel Screening / Background Checks,PS-3,MEDIUM,1,1,5,clearance,1,"he maryland agency must: n/a n/a high a. implement procedures for the use of maintenance personnel that lack appropriate security clearances or are not us citizens, that include the following requirements: 1. maintenance personnel who do not have needed access authoriz",
MD IT Security Manual,MD_IT_SecurityManual.pdf,PL-19,Backup & Recovery,CP-9,HIGH,1,6,7,backup; business continuity; disaster recovery; recovery; rpo; rto,1,"red to perform essential capabilities for receiving, processing, storing, or transmitting confidential information. ● maintaining backup copies of hardened system configurations. configuration management describes the processes through which baseline configurations ","te government article “protection of information by government agencies; ● developing, implementing and testing of an it disaster recovery plan for critical agency it systems in accordance with it disaster recovery plan guidelines; ● ensuring separation of duties and "
MD IT Security Manual,MD_IT_SecurityManual.pdf,PL-20,Contingency / Disaster Recovery Plan,CP-2,HIGH,1,3,5,business continuity plan; contingency plan; disaster recovery plan,1,2 planning 35 service interface agreements 40 operational level controls 42 awareness and training 42 configuration management 44 contingency planning 60 incident response 72 maintenance 80 media protection 87 physical and personnel security 93 system and information integrit,"f the state government article “protection of information by government agencies; ● developing, implementing and testing of an it disaster recovery plan for critical agency it systems in accordance with it disaster recovery plan guidelines; ● ensuring separation of duties and assig"
MD IT Security Manual,MD_IT_SecurityManual.pdf,PL-21,Third-Party / Vendor Risk Management,SR-1,MEDIUM,0,0,6,,0,,
MD IT Security Manual,MD_IT_SecurityManual.pdf,PL-22,Media Sanitization,MP-6,MEDIUM,1,1,5,media sanitization,0,form 201 appendix c: acronyms and abbreviations 204 appendix d: glossary 210 appendix e: wireless security 214 appendix f: sample media sanitization form 216 appendix g: sample incident handling checklist and forensics guidelines 216 state of maryland information technology sec,
MD Local Gov Cybersecurity 2021,MD_UMGC_LocalGov_Cybersecurity_2021.pdf,PL-01,Access Control Policy & Procedures,AC-1,HIGH,0,0,4,,0,,
MD Local Gov Cybersecurity 2021,MD_UMGC_LocalGov_Cybersecurity_2021.pdf,PL-02,Account Management,AC-2,HIGH,1,1,7,user accounts,0,accounts and/or remote access accounts. only 5 respondents said their unit requires multi-factor authentication of non-privileged user accounts and/or software as a service account. ● the state can best support lea’s work to meet the minimum standards for cyber security by,
MD Local Gov Cybersecurity 2021,MD_UMGC_LocalGov_Cybersecurity_2021.pdf,PL-03,Least Privilege / Role-Based Access,AC-6,HIGH,1,1,7,roles,0,y programs are effective. the governance questions addressed in task 1 are highlighted below. governance questions ● what are the roles of key state departments and local jurisdictions addressing cybersecurity risk? ● how can the state better collaborate with other,
MD Local Gov Cybersecurity 2021,MD_UMGC_LocalGov_Cybersecurity_2021.pdf,PL-04,Multi-Factor Authentication (MFA),IA-2,HIGH,1,4,7,authentication; cac; multi-factor; piv,0,ve information and information-sharing agreements. nearly 75% perform backups on a regular basis. over 60% of respondents require multi-factor authentication for email. only three respondents do not conduct cybersecurity training. 2 ibid. 6 ● detect: the maryland it secur,n and information-sharing agreements. nearly 75% perform backups on a regular basis. over 60% of respondents require multi-factor authentication for email. only three respondents do not conduct cybersecurity training. 2 ibid. 6 ● detect: the maryland it security manual desc
MD Local Gov Cybersecurity 2021,MD_UMGC_LocalGov_Cybersecurity_2021.pdf,PL-05,Remote Access Controls,AC-17,MEDIUM,1,3,6,rdp; remote access; remote desktop,0,more frequent restoration testing ○ complete regular vulnerability scans ○ operate with multi-factor authentication practices for remote access and email ○ conduct cyber security training for all regular and contractual employees task 3 : local government cybersecurity the,"dings. the outcomes of these initiatives are already demonstrably productive, with the most notable being the elimination of the ""remote desktop protocol"" (rdp) service from state systems on the maryland network from january 2020 through present, from what was several dozen"
MD Local Gov Cybersecurity 2021,MD_UMGC_LocalGov_Cybersecurity_2021.pdf,PL-06,Configuration Management Policy,CM-1,HIGH,1,1,5,hardening,0," resiliency loan fund, created during the 2021 legislative session) or a grant fund. the fund could be used for the following: a) hardening current devices and networks with the most up-to-date cybersecurity protections. b) supporting the purchase of new hardware, soft",
MD Local Gov Cybersecurity 2021,MD_UMGC_LocalGov_Cybersecurity_2021.pdf,PL-07,Change Management / Change Control,CM-3,MEDIUM,1,1,5,cab,0,"mpliance and risk management. these tools will help the teams responsible for managing systems to ensure compliance with the applicable standards, ultimately leading to fewer negative audit findings. the outcomes of these initiatives are already demonstrably prod",
MD Local Gov Cybersecurity 2021,MD_UMGC_LocalGov_Cybersecurity_2021.pdf,PL-08,Audit Logging & Monitoring,AU-2,HIGH,1,2,7,logging; monitoring,0,nitoring of systems for unusual events and reviewing system logs to detect anomalous behavior. findings related to monitoring and logging comprise four of the twenty-one (19%) findings in calendar year 2020. this trend is important to monitor because it is predicated,"zation and vigilance. it must ensure that all state it systems are as secure as possible, which requires continued management and monitoring of sensitive information, vulnerability and risk assessments, remediation objectives and appropriate training. the state must als"
MD Local Gov Cybersecurity 2021,MD_UMGC_LocalGov_Cybersecurity_2021.pdf,PL-09,Audit Review & Alerting,AU-6,HIGH,0,0,6,,0,,
MD Local Gov Cybersecurity 2021,MD_UMGC_LocalGov_Cybersecurity_2021.pdf,PL-10,Incident Response Plan,IR-1,HIGH,1,2,6,incident response; security incident,0,"tains to all activities necessary to manage risk: strategic planning, budget and procurement, risk identification and mitigation, incident response, information sharing, and workforce development.13 mature governance results in deliberate risk trade-offs with the entire enterp","omprehensive survey that endeavored to understand the executive branch’s ability to identify, protect, detect and respond to cybersecurity incidents. state executive branch questions ● has each state agency completed a recent vulnerability assessment, planned to remediate any "
MD Local Gov Cybersecurity 2021,MD_UMGC_LocalGov_Cybersecurity_2021.pdf,PL-11,Incident Reporting,IR-6,HIGH,0,0,5,,0,,
MD Local Gov Cybersecurity 2021,MD_UMGC_LocalGov_Cybersecurity_2021.pdf,PL-12,Risk Assessment,RA-3,HIGH,1,3,6,risk assessment; risk register; vulnerability assessment,0,curement of managed cybersecurity services under state vehicles and allow local units of government to participate. ● connect all risk assessments required by the state security manual with the budgeting process and articulate the cybersecurity budget similar to the federal ,"otect, detect and respond to cybersecurity incidents. state executive branch questions ● has each state agency completed a recent vulnerability assessment, planned to remediate any current vulnerabilities, and prepared to prevent evolving/future cybersecurity risks? ● how do the stat"
MD Local Gov Cybersecurity 2021,MD_UMGC_LocalGov_Cybersecurity_2021.pdf,PL-13,Vulnerability Scanning,RA-5,HIGH,1,4,6,patch management; penetration test; vulnerability management; vulnerability scan,0,"y manual describes the standards for scanning it assets for vulnerabilities. of the agencies that responded, more than half noted vulnerability scanning within standards. however, of those that responded ""unknown,"" half received the service from doit but were unaware. ● respond",tate should look into a voluntary certification program for entities that meet a defined set of standards. ● patch management and vulnerability management go hand in hand. ● vulnerability management cannot be addressed by having vendors come in to perform assessments. often these ass
MD Local Gov Cybersecurity 2021,MD_UMGC_LocalGov_Cybersecurity_2021.pdf,PL-14,Data Encryption in Transit,SC-8,HIGH,1,1,6,https,0,e sought input from these stakeholders on how the state could be most helpful as a resource for these units of local government. 3https://www.baltimoresun.com/politics/bs-md-ci-ransomware-expenses-20190828-njgznd7dsfaxbbaglnvnbkgjhe-s tory.html 4https://www.baltimo,
MD Local Gov Cybersecurity 2021,MD_UMGC_LocalGov_Cybersecurity_2021.pdf,PL-15,Data Encryption at Rest,SC-28,HIGH,0,0,6,,0,,
MD Local Gov Cybersecurity 2021,MD_UMGC_LocalGov_Cybersecurity_2021.pdf,PL-16,Network Segmentation,SC-7,MEDIUM,1,1,7,firewall,0,"gislative audit’s reports, representing four of the twenty-one (19%) findings, is the failure to enable or fully utilize advanced firewall features such as intrusion detection and prevention systems. because of substantial investments initiated by the office of securi",
MD Local Gov Cybersecurity 2021,MD_UMGC_LocalGov_Cybersecurity_2021.pdf,PL-17,Security Awareness Training,AT-2,MEDIUM,1,2,5,security awareness; security training,0, regular basis. over 60% of respondents require multi-factor authentication for email. only three respondents do not conduct cybersecurity training. 2 ibid. 6 ● detect: the maryland it security manual describes the standards for scanning it assets for vulnerabilities. of the a,"provement? ● are local governments allocating sufficient resources to cybersecurity in their information technology budgets, cybersecurity awareness education and training for employees? overall, respondents across all sectors of local government expressed eagerness to improve "
MD Local Gov Cybersecurity 2021,MD_UMGC_LocalGov_Cybersecurity_2021.pdf,PL-18,Personnel Screening / Background Checks,PS-3,MEDIUM,1,1,5,vetting,0,"how the maryland cybersecurity coordinating council (mccc) is maturing as a stakeholder body, has begun to stream the process for vetting authority for new systems – but has not yet begun to perform its enterprise-wide 4 cybersecurity risk prioritization. it discusse",
MD Local Gov Cybersecurity 2021,MD_UMGC_LocalGov_Cybersecurity_2021.pdf,PL-19,Backup & Recovery,CP-9,HIGH,1,4,7,backup; disaster recovery; recovery; rpo,0,ent. most units lacked explicit standards describing sensitive information and information-sharing agreements. nearly 75% perform backups on a regular basis. over 60% of respondents require multi-factor authentication for email. only three respondents do not conduct,s indicate that 80% of respondents have a complete or partial inventory of internal it systems. more than 50% have not identified recovery time objectives for their systems. ● protect: survey results indicate that 40% of units have at least one legacy system. more tha
MD Local Gov Cybersecurity 2021,MD_UMGC_LocalGov_Cybersecurity_2021.pdf,PL-20,Contingency / Disaster Recovery Plan,CP-2,HIGH,1,2,5,contingency plan; disaster recovery plan,0,"h covers prevention, response, and recovery nor a cyber disruption event in the form of an emergency operations plan annex, nor a contingency plan. ● only 31% of local school system respondents indicated that their organization allocates sufficient resources to cybersecurity ","applications, and technology hardware that has access to their organization’s data. ● 21% of respondents reported their lea has a disaster recovery plan and an incident response plan, which have been tested within the past 12 months. ● more than half of respondents reported that th"
MD Local Gov Cybersecurity 2021,MD_UMGC_LocalGov_Cybersecurity_2021.pdf,PL-21,Third-Party / Vendor Risk Management,SR-1,MEDIUM,1,2,6,supply chain; third party,0,"20 illinois 19/20 maryland 19/20 michigan 18/20 california 18/20 the missing elements in the maryland’s security manual concerned supply chain risk management.49 revision 5 of nist 800-53 was published earlier than anticipated, and doit has confirmed that supply chain ris",his information to prioritize remediation activities. recommendations ● sebc recommendation 2. that the state hire an independent third party to work with the chief data officer and all state agencies to produce the first baseline report of their it systems and specified
MD Local Gov Cybersecurity 2021,MD_UMGC_LocalGov_Cybersecurity_2021.pdf,PL-22,Media Sanitization,MP-6,MEDIUM,0,0,5,,0,,
MD Health Dept IT Security Policy,MD_DHMH_IT_SecurityPolicy.pdf,PL-01,Access Control Policy & Procedures,AC-1,HIGH,0,0,4,,0,,
MD Health Dept IT Security Policy,MD_DHMH_IT_SecurityPolicy.pdf,PL-02,Account Management,AC-2,HIGH,1,2,7,account management; user accounts,0,r biometrics. (cid:120) system owners/operators must manage user accounts assigned within its information systems. effective user account management practices include (i) obtaining authorization from appropriate officials (unit supervisor and data or system owner/custodian appr,"controls 7.1 access control requirements dhmh business units must cooperate with oit to: 19 cio approval version (cid:120) manage user accounts, including activation, deactivation, changes and audits. (cid:120) enforce assigned authorizations that control system access and"
MD Health Dept IT Security Policy,MD_DHMH_IT_SecurityPolicy.pdf,PL-03,Least Privilege / Role-Based Access,AC-6,HIGH,1,4,7,least privilege; need to know; permissions; roles,1,"tem can identify and verify the identification and, if necessary, the location of each authorized user. • apply access method of “least privilege” where access to, or the flow of information, is only granted to the extent necessary to get the job done. • authenticate individ","mation and that such access is strictly controlled, audited, and that it supports the concepts of ‘least possible privilege” and “need to know”. (cid:120) identify, document and approve specific user actions that can be performed without identification or authentication. "
MD Health Dept IT Security Policy,MD_DHMH_IT_SecurityPolicy.pdf,PL-04,Multi-Factor Authentication (MFA),IA-2,HIGH,1,2,7,authentication; cac,1,7.2 audit & accountability control requirements 20 7.3 identification & authorization & access control requirements 21 7.3.1 user authentication & password requirements 22 7.4 system & network communications control requirements 23 section 8: virtualization technologies 24 ,"at one user can take over the functions of another without having to know the other’s password. 4.) applications should support tacacs+, radius and/or x.509 with ldap security retrieval, wherever possible. d.) strong password construction guidelines 1.) contain b"
MD Health Dept IT Security Policy,MD_DHMH_IT_SecurityPolicy.pdf,PL-05,Remote Access Controls,AC-17,MEDIUM,1,3,6,remote access; ssh; vpn,1," form dhmh #4518 (revised 3‐2013) sar‐5‐ system inventory, security classification & protection (revised 3‐2013) sar‐6 ‐ dial‐up‐ remote access (revised 3‐2013) sar‐7 ‐ incident response (revised 3‐2013) sar‐8 ‐ data eradication (revised 3‐2013) sar‐9 – laptop & mobile com","gency information system by a user communicating through an external network, for example: the internet. virtual private network (vpn) or equivalent technology should be used when remotely accessing information systems. all remote access connections that utilize "
MD Health Dept IT Security Policy,MD_DHMH_IT_SecurityPolicy.pdf,PL-06,Configuration Management Policy,CM-1,HIGH,1,4,5,baseline configuration; configuration management; hardening; system configuration,0,service interface agreements 13 section 6: operational level controls 14 6.1 awareness and training 14 3 cio approval version 6.2 configuration management 14 6.3 contingency planning 15 6.4 incident response 15 6.5 maintenance 16 6.6 media protection and management 16 6.7 physical an,"gement process to ensure changes to systems are controlled by; (cid:120) developing, documenting, and maintaining current secured baseline configurations. (cid:120) developing, documenting, and maintaining a current inventory of the components of information systems and relevant ow"
MD Health Dept IT Security Policy,MD_DHMH_IT_SecurityPolicy.pdf,PL-07,Change Management / Change Control,CM-3,MEDIUM,1,3,5,cab; change control; change management,0,"ity required to protect all information assets under their control to comply with this policy; (cid:120) ensuring a configuration/change management process is used to maintain the security of the it system; (cid:120) development, implementation and testing of the it disaster r","ess to program source code and place source code in a secure environment, internally or 3rd party escrow for vendors. • implement change control procedures to minimize the corruption of information systems. • limit modifications to vendor­supplied software packages. • when "
MD Health Dept IT Security Policy,MD_DHMH_IT_SecurityPolicy.pdf,PL-08,Audit Logging & Monitoring,AU-2,HIGH,1,3,7,audit log; logging; monitoring,0,"will include all authentication processes to access the system, for both operating system and application‐level events. (cid:120) audit logs must enable tracking activities taking place on the system. application and system auditing must be enabled to the extent necess","hines, exchange agreements between the agency and external parties, transportation of physical media, and monitoring (e.g., audit logging, monitoring system use.) (cid:120) appropriate levels of security monitoring including intrusion detection, penetration testing, "
MD Health Dept IT Security Policy,MD_DHMH_IT_SecurityPolicy.pdf,PL-09,Audit Review & Alerting,AU-6,HIGH,1,1,6,alert,0,"identify, document, and correct information system flaws. additionally, they must receive and review: information system security alerts/advisories for critical software that they use (operating system, database software, etc.), system/application & database logs o",
MD Health Dept IT Security Policy,MD_DHMH_IT_SecurityPolicy.pdf,PL-10,Incident Response Plan,IR-1,HIGH,1,4,6,breach response; incident handling; incident response; security incident,0, controls 14 6.1 awareness and training 14 3 cio approval version 6.2 configuration management 14 6.3 contingency planning 15 6.4 incident response 15 6.5 maintenance 16 6.6 media protection and management 16 6.7 physical and personnel security 17 6.8 system and information in,exploitation of the external network connection (cid:120) requirements for notifying oit‐ind immediately of a suspected or actual security incident on the network (cid:120) a provision permitting the state to periodically test the ability to penetrate the state’s network from 
MD Health Dept IT Security Policy,MD_DHMH_IT_SecurityPolicy.pdf,PL-11,Incident Reporting,IR-6,HIGH,1,2,5,incident reporting; report incidents,0,"val version 13. assure business units which are permitted administer virus prevention, intrusion detection, and participate in an incident reporting program that coordinates with state efforts; 14.ensure critical systems implement appropriate separation of duties and assign man","mation assurance coordinator role: the iac acts as a co‐chair of the dhmh cirt, and is co‐delegated with the director, oit‐ind to report incidents to the doit security staff. a) when the cirt is activated the iac is responsible for the coordination of the response and reporti"
MD Health Dept IT Security Policy,MD_DHMH_IT_SecurityPolicy.pdf,PL-12,Risk Assessment,RA-3,HIGH,1,1,6,risk assessment,0,: nist special publication 800‐39. 5.2 security assessment and authorization agency business units shall participate in it system risk assessment and security plan development. completion and acceptance by the cio of this plan and any mitigation processes in writing will sta,
MD Health Dept IT Security Policy,MD_DHMH_IT_SecurityPolicy.pdf,PL-13,Vulnerability Scanning,RA-5,HIGH,1,1,6,penetration test,0," (e.g., audit logging, monitoring system use.) (cid:120) appropriate levels of security monitoring including intrusion detection, penetration testing, and violation analysis. (cid:120) documented reviews of audit trails on a regular basis to alert business unit custodians to ",
MD Health Dept IT Security Policy,MD_DHMH_IT_SecurityPolicy.pdf,PL-14,Data Encryption in Transit,SC-8,HIGH,1,3,6,encrypted communications; https; ssl,0,"protected by locking the file at an application level, or through data encryption during transit by an approved method. e.g. ssl, https, s­ftp, vpn etc. 84 cio approval version theft/loss of devices­ an immediate report to your director (within 2 hours) shall be ma","purposes. by clicking below on the log in link you are agreeing to follow applicable federal, state and agency policies, and expressly consent to the monitoring of all activities. any unauthorized access or inappropriate use of this system is prohibited and could"
MD Health Dept IT Security Policy,MD_DHMH_IT_SecurityPolicy.pdf,PL-15,Data Encryption at Rest,SC-28,HIGH,1,2,6,aes; encryption at rest,0,"e single, authorized remote access vehicle into the dhmh wan/lan which provides the appropriate level of data encryption. k) file encryption at rest is required for non­public information when on removable media, and/or when the risk of disclosure or loss of control is determin"," c) all state computational resources using encryption shall use approved encryption algorithms and key lengths. (128 bit ssl, or aes – advanced encryption standard). unless otherwise permitted in this requirement, the use of non­fips 140­2 compliant proprietary "
MD Health Dept IT Security Policy,MD_DHMH_IT_SecurityPolicy.pdf,PL-16,Network Segmentation,SC-7,MEDIUM,1,2,7,dmz; firewall,1,11) sar‐10 ‐ encryption (revised 3‐2013) sar‐11‐ wireless networks (revised 3‐2013) sar‐12 ‐ passwords (revised 3‐2013) sar‐ 13 ‐ firewalls (revised 3‐2013) sar‐14 ‐ appropriate use of internet/ social media (revised 3‐2013) sar‐15 ‐ attachment‐ incident response prot,ts that require direct access from the internet. components that meet these criteria must be placed behind a de‐militarized zone (dmz) where they are not accessible from the internet and can only interact with dmz components through a firewall. (cid:120) appropri
MD Health Dept IT Security Policy,MD_DHMH_IT_SecurityPolicy.pdf,PL-17,Security Awareness Training,AT-2,MEDIUM,1,2,5,security awareness; security training,0,"formation system security roles and responsibilities, document those roles and responsibilities, and provide access to sufficient security training ‐ before authorizing access to information systems or confidential information, and routinely thereafter. units must document and","tor as part of their overall hr management plan individual user’s information system security training activities including basic security awareness training and specific information system security training. all existing employees who have, or may have in the future, access to"
MD Health Dept IT Security Policy,MD_DHMH_IT_SecurityPolicy.pdf,PL-18,Personnel Screening / Background Checks,PS-3,MEDIUM,1,1,5,clearance,0,e it areas with controls commensurate to the risks; (cid:120) ensure secure storage of media; (cid:120) obtain personnel security clearances where appropriate. physical access controls must be in place for the following: (cid:120) data centers; (cid:120) areas containi,
MD Health Dept IT Security Policy,MD_DHMH_IT_SecurityPolicy.pdf,PL-19,Backup & Recovery,CP-9,HIGH,1,6,7,backup; business continuity; disaster recovery; recovery; rpo; rto,1,"erform essential capabilities for receiving, processing, storing, or transmitting confidential information. (cid:120) maintaining backup copies of hardened system configurations. security configuration guidance: national security agency; http://www.nsa.gov/ia/mitiga",", (cid:120) all activities and operations required to ensure data security including facility design, physical security, disaster recovery and business continuity planning, use of hardware and operating systems or application software, data disposal, and protection of"
MD Health Dept IT Security Policy,MD_DHMH_IT_SecurityPolicy.pdf,PL-20,Contingency / Disaster Recovery Plan,CP-2,HIGH,1,3,5,business continuity plan; contingency plan; disaster recovery plan,0,section 6: operational level controls 14 6.1 awareness and training 14 3 cio approval version 6.2 configuration management 14 6.3 contingency planning 15 6.4 incident response 15 6.5 maintenance 16 6.6 media protection and management 16 6.7 physical and personnel security 17 ,"management process is used to maintain the security of the it system; (cid:120) development, implementation and testing of the it disaster recovery plan for critical agency it systems in accordance with state it disaster recovery plan guidelines; (cid:120) ensuring separation of du"
MD Health Dept IT Security Policy,MD_DHMH_IT_SecurityPolicy.pdf,PL-21,Third-Party / Vendor Risk Management,SR-1,MEDIUM,1,1,6,third party,1,"p, quality and security functionality, testing to detect malicious code, and escrow arrangements in the event of a declaration of third party failure that authorize dhmh to receive code or data upon demand without the intervention of the third party. important resources ",
MD Health Dept IT Security Policy,MD_DHMH_IT_SecurityPolicy.pdf,PL-22,Media Sanitization,MP-6,MEDIUM,1,2,5,degaussing; media sanitization,2,"y public data, business units may contact oit for approval to sanitize the media in accordance with nist sp 800‐88 guidelines for media sanitization. a review of all media will be required by network personnel to assure that non‐public information is not present, nor is recover", unrecoverable deletion deletion; or destroy by shredding magnetic disks and tapes erase using a destroy by shredding in any form degaussing device or (vendor) overwrite procedure as specified by manufacturer. optical media e.g. cds and n/a destroy by shredding data med
MD Judicial Info Security Policy,MD_Judicial_InfoSecurity_Policy.pdf,PL-01,Access Control Policy & Procedures,AC-1,HIGH,0,0,4,,0,,
MD Judicial Info Security Policy,MD_Judicial_InfoSecurity_Policy.pdf,PL-02,Account Management,AC-2,HIGH,1,2,7,account management; user accounts,0,"e formal documented procedures. • the judiciary must manage user accounts assigned within its information systems. effective user account management practice includes: • obtaining authorization from appropriate officials to request user account creation, modification and deleti","logging into the backup platform. section 7: technical level controls 7.1 access control requirements • the judiciary must manage user accounts, including activation, deactivation, changes and audits. • the judiciary must ensure that only authorized users (employees or age"
MD Judicial Info Security Policy,MD_Judicial_InfoSecurity_Policy.pdf,PL-03,Least Privilege / Role-Based Access,AC-6,HIGH,1,3,7,least privilege; need to know; roles,0,"the confidentiality, integrity, and availability of the data. • backups shall include logging capabilities to monitor activity. • least privileged shall be used in the protection and access. • when able, multi-factor authentication shall be implemented when logging into the ","mation and that such access is strictly controlled, audited, and that it supports the concepts of “least possible privilege” and “need to know”. • the judiciary must ensure that systems or business processes, where feasible, enforce separation of duties through assigned a"
MD Judicial Info Security Policy,MD_Judicial_InfoSecurity_Policy.pdf,PL-04,Multi-Factor Authentication (MFA),IA-2,HIGH,1,4,7,authentication; cac; mfa; multi-factor,1,"tivity • user’s identity must be validated when a user password reset is requested • where possible, multi-factor authentication (mfa) must be implemented on public-facing systems. • minimum and maximum network account password age limits must not be set to 0 but","all include logging capabilities to monitor activity. • least privileged shall be used in the protection and access. • when able, multi-factor authentication shall be implemented when logging into the backup platform. section 7: technical level controls 7.1 access control"
MD Judicial Info Security Policy,MD_Judicial_InfoSecurity_Policy.pdf,PL-05,Remote Access Controls,AC-17,MEDIUM,1,2,6,remote access; vpn,0,"t or initiate a re-authentication process after an approved period of inactivity. • jis must authorize, document, and monitor all remote access capabilities used on its systems. all remote access connections that utilize a shared infrastructure, such as the internet, must ","are updates when available. a device (e.g. laptop or tablet) should be connected to the in-office network or remotely through the vpn at least monthly to ensure they receive the latest patches and security, system and software updates. • individuals assigned a mo"
MD Judicial Info Security Policy,MD_Judicial_InfoSecurity_Policy.pdf,PL-06,Configuration Management Policy,CM-1,HIGH,1,3,5,configuration management; hardening; system configuration,0, and awareness ............................................................................................................ 9 6.2 configuration management ......................................................................................................................... 9 6.3 n,"ce a year, that is directed towards privileged account holders, developers, and executives. . 6.2 configuration management system hardening procedures shall be created and maintained to ensure up-to-date security leading practices are deployed for all it operating syst"
MD Judicial Info Security Policy,MD_Judicial_InfoSecurity_Policy.pdf,PL-07,Change Management / Change Control,CM-3,MEDIUM,1,2,5,cab; change management,0,"es, network, and hardware devices. all default system administrator passwords must be changed. jis shall implement an appropriate change management process to ensure changes to systems are controlled by: • a documented process for patching network devices, server operating sys",te physical access controls must be in place for the following: • data centers • areas containing production servers • networking cabinets and wiring closets • power and emergency backup equipment access to data centers and secured areas should be limited to thos
MD Judicial Info Security Policy,MD_Judicial_InfoSecurity_Policy.pdf,PL-08,Audit Logging & Monitoring,AU-2,HIGH,1,2,7,logging; monitoring,0," • jis shall implement system and information integrity security controls including vulnerability remediation, information system logging and monitoring, information input restrictions and information output handling and retention. • jis must protect against maliciou"," implement system and information integrity security controls including vulnerability remediation, information system logging and monitoring, information input restrictions and information output handling and retention. • jis must protect against malicious code, virus o"
MD Judicial Info Security Policy,MD_Judicial_InfoSecurity_Policy.pdf,PL-09,Audit Review & Alerting,AU-6,HIGH,1,1,6,alert,0,"tored for internal/external inspection as outlined in section 7.2, audit & accountability controls. • information system security alerts/advisories for critical software must be regularly reviewed and applied as appropriate by the person(s) assigned responsibility ",
MD Judicial Info Security Policy,MD_Judicial_InfoSecurity_Policy.pdf,PL-10,Incident Response Plan,IR-1,HIGH,1,1,6,security incident,0,thorized devices to a jis system. • requirements for notifying the jis information security officer within two business days of a security incident on the network. network maryland-provided internet and swgi connections all maryland judiciary connections utilizing the maryland,
MD Judicial Info Security Policy,MD_Judicial_InfoSecurity_Policy.pdf,PL-11,Incident Reporting,IR-6,HIGH,0,0,5,,0,,
MD Judicial Info Security Policy,MD_Judicial_InfoSecurity_Policy.pdf,PL-12,Risk Assessment,RA-3,HIGH,1,3,6,risk assessment; risk register; vulnerability assessment,0,"ve and maintain an acceptable level of risk. • in addition, the judiciary will utilize third party services to conduct a security risk assessment every two (2) years. the assessment shall be performed by an independent third party with cybersecurity expertise to determine wh"," • employ the appropriate measures to assure and demonstrate compliance with this policy. • conduct regular external and internal vulnerability assessments to verify security controls are working properly and to identify risks. • assure the confidentiality, integrity, availability, a"
MD Judicial Info Security Policy,MD_Judicial_InfoSecurity_Policy.pdf,PL-13,Vulnerability Scanning,RA-5,HIGH,1,2,6,patch management; penetration test,0,nly. • install all virtualization software updates as they are released by the vendor on a regularly scheduled basis. centralized patch management solutions can also be used to administer updates. • restrict administrative access to all virtualization management interfaces. •,"ards are in place for it assets, the judiciary shall utilize security frameworks, tools and techniques to perform assessments and penetration tests for security weaknesses, threats and vulnerabilities and recommend appropriate, cost-effective controls to achieve and maintain "
MD Judicial Info Security Policy,MD_Judicial_InfoSecurity_Policy.pdf,PL-14,Data Encryption in Transit,SC-8,HIGH,0,0,6,,0,,
MD Judicial Info Security Policy,MD_Judicial_InfoSecurity_Policy.pdf,PL-15,Data Encryption at Rest,SC-28,HIGH,1,2,6,data at rest; encryption at rest,0,"copies. • at a minimum backup shall be replicated to an offsite secured data center. • backup copies must include protection with encryption at rest and inflight. • backup restoration tests shall be completed regularly to check the confidentiality, integrity, and availability o","omprehensive approach covering people, processes, and systems that identify, monitor, and protect data in use, data in motion and data at rest. dlp controls are based on policy and include classifying sensitive data, discovering that data across an enterprise, enforcing c"
MD Judicial Info Security Policy,MD_Judicial_InfoSecurity_Policy.pdf,PL-16,Network Segmentation,SC-7,MEDIUM,1,1,7,firewall,0,e that only authorized traffic is permitted. • enable intrusion detection and prevention systems on each interface. • monitor the firewall logs for each connection. • prohibit direct external access to high-risk or frequently abused network protocols. • high-risk and ,
MD Judicial Info Security Policy,MD_Judicial_InfoSecurity_Policy.pdf,PL-17,Security Awareness Training,AT-2,MEDIUM,1,2,5,security education; security training,0," and awareness training program, to include phishing campaigns. the program must have the ability to track completion of required security training assignments and report on non-compliance. the formal program must also include learning opportunities for users to independently ",. 9 section 6: operational level controls ................................................................................. 9 6.1 security education and awareness ............................................................................................................ 9 6.2 
MD Judicial Info Security Policy,MD_Judicial_InfoSecurity_Policy.pdf,PL-18,Personnel Screening / Background Checks,PS-3,MEDIUM,1,1,5,clearance,0,iary must: • secure it areas with controls commensurate to the risks • ensure secure storage of media • obtain personnel security clearances where appropriate physical access controls must be in place for the following: • data centers • areas containing production serv,
MD Judicial Info Security Policy,MD_Judicial_InfoSecurity_Policy.pdf,PL-19,Backup & Recovery,CP-9,HIGH,1,4,7,backup; business continuity; recovery; rpo,0,elopment life cycle methodology ......................................................................................... 13 6.11 backup plans ...........................................................................................................................,"andards and covers cybersecurity functional areas that offers guidance on the identification, protection, detection, response and recovery mechanisms used to protect an organization’s infrastructure and assets. cis is an independent not-for-profit organization that de"
MD Judicial Info Security Policy,MD_Judicial_InfoSecurity_Policy.pdf,PL-20,Contingency / Disaster Recovery Plan,CP-2,HIGH,1,3,5,bcp; business continuity plan; contingency plan,0," controls. operational security controls include awareness and education, configuration management, service interface agreements, contingency planning, incident response, maintenance, media protection, physical and personnel security, system and information integrity, and sys","or compromise the confidentiality, integrity, or availability of business operations. • ensure the jis business continuity plans (bcp) and disaster preparedness (dp) plans for critical jis systems are reviewed, updated and exercised (tested) annually. • review an"
MD Judicial Info Security Policy,MD_Judicial_InfoSecurity_Policy.pdf,PL-21,Third-Party / Vendor Risk Management,SR-1,MEDIUM,1,1,6,third party,0,"propriate, cost-effective controls to achieve and maintain an acceptable level of risk. • in addition, the judiciary will utilize third party services to conduct a security risk assessment every two (2) years. the assessment shall be performed by an independent third par",
MD Judicial Info Security Policy,MD_Judicial_InfoSecurity_Policy.pdf,PL-22,Media Sanitization,MP-6,MEDIUM,1,1,5,media sanitization,0,"ossibility of inadvertently releasing residual judiciary confidential information, the judiciary will have a formal procedure for media sanitization. 6.8 physical and personnel security physical access to information technology processing equipment, media storage areas, and mas",
MD MSDE Acceptable Use Policy 2024,MD_MSDE_AUP_2024.pdf,PL-01,Access Control Policy & Procedures,AC-1,HIGH,1,1,4,access policy,1,d proprietary information all state owned mobile and it devices that connect to the internal network must comply with the minimum access policy (see definitions). personal devices are not allowed to be connected to the internal network and can only access the guest wifi ne,
MD MSDE Acceptable Use Policy 2024,MD_MSDE_AUP_2024.pdf,PL-02,Account Management,AC-2,HIGH,0,0,7,,0,,
MD MSDE Acceptable Use Policy 2024,MD_MSDE_AUP_2024.pdf,PL-03,Least Privilege / Role-Based Access,AC-6,HIGH,1,2,7,least privilege; permissions,0," system designed for sharing information within organizations. minimum access policy — this is based on the security principle of least privilege. it gives minimum access permissions to a user to access an internal network, systems, servers, or databases depending on their w","within organizations. minimum access policy — this is based on the security principle of least privilege. it gives minimum access permissions to a user to access an internal network, systems, servers, or databases depending on their work or job role. elevated privileges "
MD MSDE Acceptable Use Policy 2024,MD_MSDE_AUP_2024.pdf,PL-04,Multi-Factor Authentication (MFA),IA-2,HIGH,1,1,7,authentication,0,"illegal. the appropriate management should be consulted prior to export of any material that is in question. • circumventing user authentication or security of any account, host, or network, including disclosing a user’s password to others or allowing a user’s account to be",
MD MSDE Acceptable Use Policy 2024,MD_MSDE_AUP_2024.pdf,PL-05,Remote Access Controls,AC-17,MEDIUM,1,1,6,remote access,0,"whenever possible, msde must retain author’s rights in contracts, mous, software, or other publications. remote work requirements remote access acceptable use policies and guidelines must be followed when users conduct daily duties from state equipment. unencrypted protect",
MD MSDE Acceptable Use Policy 2024,MD_MSDE_AUP_2024.pdf,PL-06,Configuration Management Policy,CM-1,HIGH,0,0,5,,0,,
MD MSDE Acceptable Use Policy 2024,MD_MSDE_AUP_2024.pdf,PL-07,Change Management / Change Control,CM-3,MEDIUM,1,2,5,cab; change control,0,"er. a service ticket to the maryland state department of it service desk may need to be submitted and the request reviewed by the change control board prior to approval. also, please see prohibited uses section and high-risk use of ai systems section in msde’s “artificial i","sde to develop, implement, and maintain a resilient and secure cyberspace for the department. this policy is consistent with applicable state and federal laws, executive orders, directives, regulations, standards, and guidance. smmh!, r�-a,,,,,�;.,,a,, oct _17, 2"
MD MSDE Acceptable Use Policy 2024,MD_MSDE_AUP_2024.pdf,PL-08,Audit Logging & Monitoring,AU-2,HIGH,1,2,7,logging; monitoring,0,"res, as well as local, state, and federal laws. all information created, accessed, transmitted, received, or stored is subject to logging, and monitoring. msde reserves the right to examine, copy, or archive any or all files, transmissions, or email. msde reserves th","as local, state, and federal laws. all information created, accessed, transmitted, received, or stored is subject to logging, and monitoring. msde reserves the right to examine, copy, or archive any or all files, transmissions, or email. msde reserves the right to acces"
MD MSDE Acceptable Use Policy 2024,MD_MSDE_AUP_2024.pdf,PL-09,Audit Review & Alerting,AU-6,HIGH,0,0,6,,0,,
MD MSDE Acceptable Use Policy 2024,MD_MSDE_AUP_2024.pdf,PL-10,Incident Response Plan,IR-1,HIGH,0,0,6,,0,,
MD MSDE Acceptable Use Policy 2024,MD_MSDE_AUP_2024.pdf,PL-11,Incident Reporting,IR-6,HIGH,0,0,5,,0,,
MD MSDE Acceptable Use Policy 2024,MD_MSDE_AUP_2024.pdf,PL-12,Risk Assessment,RA-3,HIGH,0,0,6,,0,,
MD MSDE Acceptable Use Policy 2024,MD_MSDE_AUP_2024.pdf,PL-13,Vulnerability Scanning,RA-5,HIGH,0,0,6,,0,,
MD MSDE Acceptable Use Policy 2024,MD_MSDE_AUP_2024.pdf,PL-14,Data Encryption in Transit,SC-8,HIGH,1,2,6,https; ssl,0,"msde it systems should also familiarize themselves with applicable state information technology policy and standards, located at: https://doit.maryland.gov/documents/maryland%20it%20security%20manual%20v1.2.pdf electronic communications msde encourages the use of d"," in blogging or media posts. if an employee is expressing his or her beliefs and/or opinions in blogs, the employee may not, expressly, or implicitly, represent themselves as an employee or representative of msde. employees assume all risk associated with bloggin"
MD MSDE Acceptable Use Policy 2024,MD_MSDE_AUP_2024.pdf,PL-15,Data Encryption at Rest,SC-28,HIGH,0,0,6,,0,,
MD MSDE Acceptable Use Policy 2024,MD_MSDE_AUP_2024.pdf,PL-16,Network Segmentation,SC-7,MEDIUM,1,1,7,firewall,0," access, via the msde systems, to obtain unauthorized access to information or computer systems residing inside or outside of the firewall (see definitions). • any unauthorized attempt or actual copying of any copyrighted computer data or software unless authorized by",
MD MSDE Acceptable Use Policy 2024,MD_MSDE_AUP_2024.pdf,PL-17,Security Awareness Training,AT-2,MEDIUM,0,0,5,,0,,
MD MSDE Acceptable Use Policy 2024,MD_MSDE_AUP_2024.pdf,PL-18,Personnel Screening / Background Checks,PS-3,MEDIUM,0,0,5,,0,,
MD MSDE Acceptable Use Policy 2024,MD_MSDE_AUP_2024.pdf,PL-19,Backup & Recovery,CP-9,HIGH,1,3,7,backup; rpo; rto,1,"s. • any attempt to use electronic mail or messaging services to harass or intimidate another person. • using system resources to backup personal data such as videos, pictures, or music. • engaging in any other activity that does not comply with this policy and proc"," affiliated with the maryland state department of education (“msde” or department), and/or the state of maryland (“state”). the purpose of this policy is to explain the ownership and responsibilities of the communications created, accessed, transmitted, received,"
MD MSDE Acceptable Use Policy 2024,MD_MSDE_AUP_2024.pdf,PL-20,Contingency / Disaster Recovery Plan,CP-2,HIGH,0,0,5,,0,,
MD MSDE Acceptable Use Policy 2024,MD_MSDE_AUP_2024.pdf,PL-21,Third-Party / Vendor Risk Management,SR-1,MEDIUM,1,1,6,third party,0,"rmation stored on electronic and computing devices whether owned, leased or otherwise affiliated with the msde, the employee or a third party, remains the sole property of msde. the user must ensure through legal or technical means that proprietary information is protect",
MD MSDE Acceptable Use Policy 2024,MD_MSDE_AUP_2024.pdf,PL-22,Media Sanitization,MP-6,MEDIUM,0,0,5,,0,,
MD Procurement Manual,MD_Procurement_Manual.pdf,PL-01,Access Control Policy & Procedures,AC-1,HIGH,0,0,4,,0,,
MD Procurement Manual,MD_Procurement_Manual.pdf,PL-02,Account Management,AC-2,HIGH,0,0,7,,0,,
MD Procurement Manual,MD_Procurement_Manual.pdf,PL-03,Least Privilege / Role-Based Access,AC-6,HIGH,1,1,7,roles,0,onsibilities the procurement officer should confirm that each member of the evaluation committee is able to perform the following roles and responsibilities to conduct the initial evaluation: ● maintain confidentiality throughout the procurement; o do not disclose ,
MD Procurement Manual,MD_Procurement_Manual.pdf,PL-04,Multi-Factor Authentication (MFA),IA-2,HIGH,1,1,7,cac,0,"imum of 10 days before the written expressions of interest are due. notice shall be sent to all potential providers including advocacy organizations. when a contract is expected to exceed $50,000, the reoi shall be published on emma. as a need for the services ar",
MD Procurement Manual,MD_Procurement_Manual.pdf,PL-05,Remote Access Controls,AC-17,MEDIUM,0,0,6,,0,,
MD Procurement Manual,MD_Procurement_Manual.pdf,PL-06,Configuration Management Policy,CM-1,HIGH,0,0,5,,0,,
MD Procurement Manual,MD_Procurement_Manual.pdf,PL-07,Change Management / Change Control,CM-3,MEDIUM,1,1,5,cab,0,"f state procurement. to the extent that any policy, procedure, or guideline conflicts with division ii of the sfp, any other applicable statute or state procurement regulation, the statute or regulation shall prevail. the manual contents applies to state agencies",
MD Procurement Manual,MD_Procurement_Manual.pdf,PL-08,Audit Logging & Monitoring,AU-2,HIGH,1,1,7,monitoring,0,"ction 8, contract administration process, focuses on post-contract award activities including kick-off meetings with contractors, monitoring of contractor performance, tools for contract compliance, payments for goods or services received, contract renewal options and m",
MD Procurement Manual,MD_Procurement_Manual.pdf,PL-09,Audit Review & Alerting,AU-6,HIGH,0,0,6,,0,,
MD Procurement Manual,MD_Procurement_Manual.pdf,PL-10,Incident Response Plan,IR-1,HIGH,0,0,6,,0,,
MD Procurement Manual,MD_Procurement_Manual.pdf,PL-11,Incident Reporting,IR-6,HIGH,0,0,5,,0,,
MD Procurement Manual,MD_Procurement_Manual.pdf,PL-12,Risk Assessment,RA-3,HIGH,0,0,6,,0,,
MD Procurement Manual,MD_Procurement_Manual.pdf,PL-13,Vulnerability Scanning,RA-5,HIGH,0,0,6,,0,,
MD Procurement Manual,MD_Procurement_Manual.pdf,PL-14,Data Encryption in Transit,SC-8,HIGH,1,1,6,https,0,gister” for emma link on the state’s procurement website: http://procurement.maryland.gov or directly through the following link: https://emaryland.buyspeed.com/bso/ note: for some maryland department of transportation (mdot) construction and maintenance solicitati,
MD Procurement Manual,MD_Procurement_Manual.pdf,PL-15,Data Encryption at Rest,SC-28,HIGH,0,0,6,,0,,
MD Procurement Manual,MD_Procurement_Manual.pdf,PL-16,Network Segmentation,SC-7,MEDIUM,0,0,7,,0,,
MD Procurement Manual,MD_Procurement_Manual.pdf,PL-17,Security Awareness Training,AT-2,MEDIUM,0,0,5,,0,,
MD Procurement Manual,MD_Procurement_Manual.pdf,PL-18,Personnel Screening / Background Checks,PS-3,MEDIUM,1,1,5,clearance,1,"ess in the state and is in good standing. in addition, the procurement officer must obtain through the comptroller’s office a tax clearance number. in the event that a deficiency is noted by either agency, the recommended awardee may be given the opportunity to correct",
MD Procurement Manual,MD_Procurement_Manual.pdf,PL-19,Backup & Recovery,CP-9,HIGH,1,2,7,backup; rpo,1,48 comar 21.05.03.03.e 49 cancel the solicitation in a procurement officer’s determination. this determination and any associated backup documentation should be included in the procurement file. b. notice to vendors - the procurement officer shall issue a notice of ,ns or comments regarding the manual to jamie tomaszewski. 1.2 general overview 1.2.1 state procurement principles the principal purposes and policies of maryland state procurement are as follows: 1 this manual does not review the maryland minority business enterp
MD Procurement Manual,MD_Procurement_Manual.pdf,PL-20,Contingency / Disaster Recovery Plan,CP-2,HIGH,0,0,5,,0,,
MD Procurement Manual,MD_Procurement_Manual.pdf,PL-21,Third-Party / Vendor Risk Management,SR-1,MEDIUM,1,1,6,third party,0,he solicitation 4. solicitation preparation 4.1 drafting the solicitation maryland procurement manual table of contents 4.2 using third party consultant contracts 4.3 procurement review group 4.4 review and approval process 5. solicitation 5.1 public advertisement and no,
MD Procurement Manual,MD_Procurement_Manual.pdf,PL-22,Media Sanitization,MP-6,MEDIUM,0,0,5,,0,,
